method,maxsize,instance,time,objective
level,1,N-be75eec_150,2.887489080429077,3192009
level,1,N-be75np_150,5.601474761962891,6468080
level,1,N-be75oi_150,1.3560304641723633,2155148
level,1,N-be75tot_150,7.510581493377685,11156064
level,1,N-stabu1_150,3.616291046142578,2608015
level,1,N-stabu2_150,4.602365016937256,3969082
level,1,N-stabu3_150,4.74003529548645,4161635
level,1,N-t59b11xx_150,0.98063063621521,2928930
level,1,N-t59d11xx_150,2.5225343704223637,1281590
level,1,N-t59f11xx_150,2.1570889949798584,1377682
level,1,N-t59n11xx_150,0.6045312881469727,296104
level,1,N-t65b11xx_150,4.764428377151489,5862172
level,1,N-t65d11xx_150,4.227716684341431,3175619
level,1,N-t65f11xx_150,3.898719072341919,2881665
level,1,N-t65l11xx_150,0.3184905052185058,240077
level,1,N-t65n11xx_150,0.9364252090454102,512032
level,1,N-t69r11xx_150,5.583818197250366,10852579
level,1,N-t70b11xx_150,5.884135007858276,8839542
level,1,N-t70d11xn_150,5.904403448104858,5269599
level,1,N-t70d11xx_150,6.439606428146362,5576492
level,1,N-t70f11xx_150,5.318363189697266,4650687
level,1,N-t70l11xx_150,0.4846210479736328,406839
level,1,N-t70n11xx_150,1.38142991065979,870608
level,1,N-t74d11xx_150,8.200374603271484,8527224
level,1,N-t75d11xx_150,8.383880853652954,8879065
level,1,N-t75e11xx_150,14.43539547920227,38381740
level,1,N-t75k11xx_150,2.3466663360595703,1406276
level,1,N-t75n11xx_150,2.107375144958496,1620834
level,1,N-tiw56n54_150,1.6626009941101074,758015
level,1,N-tiw56n58_150,2.432770013809204,1046740
level,1,N-tiw56n62_150,3.032036542892456,1484571
level,1,N-tiw56n66_150,3.458927869796753,1913049
level,1,N-tiw56n67_150,3.26259183883667,2157358
level,1,N-tiw56n72_150,4.763070583343506,3805071
level,1,N-tiw56r54_150,1.8050100803375244,874251
level,1,N-tiw56r58_150,2.31099009513855,1114460
level,1,N-tiw56r66_150,3.283968448638916,1749750
level,1,N-tiw56r67_150,3.066267251968384,1869856
level,1,N-tiw56r72_150,3.983875036239624,2568475
level,10,N-be75eec_150,3.0620219707489014,3192009
level,10,N-be75np_150,5.687635183334351,6471392
level,10,N-be75oi_150,1.3632493019104004,2157653
level,10,N-be75tot_150,7.639486789703369,11167715
level,10,N-stabu1_150,3.649246454238892,2611610
level,10,N-stabu2_150,4.899153470993042,3976342
level,10,N-stabu3_150,4.885357141494751,4166200
level,10,N-t59b11xx_150,0.8881754875183105,2936040
level,10,N-t59d11xx_150,2.520346641540528,1282798
level,10,N-t59f11xx_150,2.21722412109375,1377682
level,10,N-t59n11xx_150,0.6639165878295898,296585
level,10,N-t65b11xx_150,5.21835994720459,5871184
level,10,N-t65d11xx_150,4.512470006942749,3175619
level,10,N-t65f11xx_150,3.948473215103149,2886059
level,10,N-t65l11xx_150,0.3313257694244385,240368
level,10,N-t65n11xx_150,0.9450528621673584,512032
level,10,N-t69r11xx_150,5.757716178894043,10852579
level,10,N-t70b11xx_150,6.198325395584106,8856831
level,10,N-t70d11xn_150,6.097151517868042,5281226
level,10,N-t70d11xx_150,6.454503774642944,5594424
level,10,N-t70f11xx_150,5.462253093719482,4660857
level,10,N-t70l11xx_150,0.5194411277770996,407979
level,10,N-t70n11xx_150,1.5867094993591309,875070
level,10,N-t74d11xx_150,8.651719570159912,8548561
level,10,N-t75d11xx_150,8.236422777175903,8894276
level,10,N-t75e11xx_150,13.705716133117676,38384653
level,10,N-t75k11xx_150,2.1528003215789795,1408376
level,10,N-t75n11xx_150,2.055404663085937,1620837
level,10,N-tiw56n54_150,1.6164302825927734,758697
level,10,N-tiw56n58_150,2.172356128692627,1046740
level,10,N-tiw56n62_150,2.7816061973571777,1486817
level,10,N-tiw56n66_150,3.4222662448883057,1913049
level,10,N-tiw56n67_150,3.25754976272583,2157358
level,10,N-tiw56n72_150,4.6758952140808105,3805071
level,10,N-tiw56r54_150,1.750636100769043,876766
level,10,N-tiw56r58_150,2.2280874252319336,1114460
level,10,N-tiw56r66_150,3.199704170227051,1749750
level,10,N-tiw56r67_150,3.055201530456543,1870095
level,10,N-tiw56r72_150,3.88249945640564,2568475
level,20,N-be75eec_150,2.922003030776977,3193142
level,20,N-be75np_150,5.824059963226318,6501895
level,20,N-be75oi_150,1.4712717533111572,2157653
level,20,N-be75tot_150,7.582027912139893,11187196
level,20,N-stabu1_150,3.5735933780670166,2612149
level,20,N-stabu2_150,4.781205415725708,3976342
level,20,N-stabu3_150,4.821286916732788,4181065
level,20,N-t59b11xx_150,0.91162371635437,2936040
level,20,N-t59d11xx_150,2.5537896156311035,1282798
level,20,N-t59f11xx_150,2.2421679496765137,1377682
level,20,N-t59n11xx_150,0.6310927867889404,297023
level,20,N-t65b11xx_150,4.805359601974487,5882472
level,20,N-t65d11xx_150,4.795967102050781,3177222
level,20,N-t65f11xx_150,4.12653374671936,2892403
level,20,N-t65l11xx_150,0.3546664714813232,241116
level,20,N-t65n11xx_150,0.9310815334320068,512032
level,20,N-t69r11xx_150,5.615953683853149,10903752
level,20,N-t70b11xx_150,5.9934983253479,8904870
level,20,N-t70d11xn_150,6.101191759109497,5302805
level,20,N-t70d11xx_150,6.5128984451293945,5613940
level,20,N-t70f11xx_150,5.465858936309815,4660857
level,20,N-t70l11xx_150,0.5118465423583984,407979
level,20,N-t70n11xx_150,1.4137802124023438,875070
level,20,N-t74d11xx_150,8.052847146987915,8598975
level,20,N-t75d11xx_150,8.22037959098816,8898902
level,20,N-t75e11xx_150,13.893946170806885,38682349
level,20,N-t75k11xx_150,2.320929288864136,1411633
level,20,N-t75n11xx_150,2.1403257846832275,1624835
level,20,N-tiw56n54_150,1.6176917552947998,761731
level,20,N-tiw56n58_150,2.1763386726379395,1049411
level,20,N-tiw56n62_150,2.8541834354400635,1488527
level,20,N-tiw56n66_150,3.512140274047852,1916277
level,20,N-tiw56n67_150,3.396435260772705,2174765
level,20,N-tiw56n72_150,4.986112833023071,3815728
level,20,N-tiw56r54_150,1.8864305019378664,876803
level,20,N-tiw56r58_150,2.2949085235595703,1117427
level,20,N-tiw56r66_150,3.4500114917755127,1752767
level,20,N-tiw56r67_150,3.0386667251586914,1885830
level,20,N-tiw56r72_150,3.8767409324646,2570652
level,30,N-be75eec_150,2.96824312210083,3203253
level,30,N-be75np_150,5.649385929107666,6558130
level,30,N-be75oi_150,1.4232466220855713,2163227
level,30,N-be75tot_150,7.565432548522949,11294001
level,30,N-stabu1_150,3.6732587814331055,2633159
level,30,N-stabu2_150,4.628906011581421,3989250
level,30,N-stabu3_150,4.731717824935913,4217354
level,30,N-t59b11xx_150,1.0129132270812988,2946480
level,30,N-t59d11xx_150,2.640381336212158,1292104
level,30,N-t59f11xx_150,2.272798538208008,1377682
level,30,N-t59n11xx_150,0.6125762462615967,297023
level,30,N-t65b11xx_150,4.785058736801148,5893527
level,30,N-t65d11xx_150,4.21663236618042,3208347
level,30,N-t65f11xx_150,3.925290107727051,2896923
level,30,N-t65l11xx_150,0.3639378547668457,241699
level,30,N-t65n11xx_150,0.9915220737457277,513074
level,30,N-t69r11xx_150,5.533429145812988,10903752
level,30,N-t70b11xx_150,6.116373062133789,8927860
level,30,N-t70d11xn_150,6.025082349777222,5312169
level,30,N-t70d11xx_150,6.320044040679932,5613940
level,30,N-t70f11xx_150,5.271966934204102,4673513
level,30,N-t70l11xx_150,0.476358413696289,407979
level,30,N-t70n11xx_150,1.3556561470031738,875070
level,30,N-t74d11xx_150,8.052550077438354,8629319
level,30,N-t75d11xx_150,8.147539854049683,8898902
level,30,N-t75e11xx_150,13.734554767608644,38720664
level,30,N-t75k11xx_150,2.203326463699341,1419475
level,30,N-t75n11xx_150,2.058589220046997,1628506
level,30,N-tiw56n54_150,1.6671814918518066,761731
level,30,N-tiw56n58_150,2.2261695861816406,1054307
level,30,N-tiw56n62_150,2.921851396560669,1501566
level,30,N-tiw56n66_150,3.3495357036590576,1926568
level,30,N-tiw56n67_150,3.243939161300659,2190167
level,30,N-tiw56n72_150,4.679032802581787,3837482
level,30,N-tiw56r54_150,1.7909033298492432,879600
level,30,N-tiw56r58_150,2.504455089569092,1123390
level,30,N-tiw56r66_150,3.25249981880188,1762149
level,30,N-tiw56r67_150,3.3017942905426025,1900218
level,30,N-tiw56r72_150,3.963478803634644,2586873
level,40,N-be75eec_150,2.989105224609375,3209247
level,40,N-be75np_150,5.766155958175659,6605750
level,40,N-be75oi_150,1.557065486907959,2166609
level,40,N-be75tot_150,7.616190671920776,11396004
level,40,N-stabu1_150,3.791180849075317,2640542
level,40,N-stabu2_150,4.757052183151245,4003938
level,40,N-stabu3_150,4.823596477508545,4227931
level,40,N-t59b11xx_150,1.0066821575164795,2958745
level,40,N-t59d11xx_150,2.450817823410034,1292104
level,40,N-t59f11xx_150,2.2495388984680176,1381520
level,40,N-t59n11xx_150,0.7878632545471191,298781
level,40,N-t65b11xx_150,4.876593351364136,5914071
level,40,N-t65d11xx_150,4.504332065582275,3233110
level,40,N-t65f11xx_150,3.841648817062378,2896923
level,40,N-t65l11xx_150,0.4849956035614013,243048
level,40,N-t65n11xx_150,1.0892863273620603,515077
level,40,N-t69r11xx_150,5.640923976898193,11028827
level,40,N-t70b11xx_150,5.951192140579224,8927860
level,40,N-t70d11xn_150,6.434839963912964,5345465
level,40,N-t70d11xx_150,6.49393367767334,5664850
level,40,N-t70f11xx_150,5.279815196990967,4673513
level,40,N-t70l11xx_150,0.6102633476257324,410794
level,40,N-t70n11xx_150,1.5146102905273438,881938
level,40,N-t74d11xx_150,8.06187891960144,8629319
level,40,N-t75d11xx_150,8.1746187210083,8898902
level,40,N-t75e11xx_150,13.728670358657835,38720664
level,40,N-t75k11xx_150,2.205572843551636,1419475
level,40,N-t75n11xx_150,2.2831003665924072,1635160
level,40,N-tiw56n54_150,1.82515811920166,763972
level,40,N-tiw56n58_150,2.465195655822754,1056995
level,40,N-tiw56n62_150,2.887866497039795,1504267
level,40,N-tiw56n66_150,3.8919856548309326,1934720
level,40,N-tiw56n67_150,3.574287176132202,2200613
level,40,N-tiw56n72_150,4.889853000640869,3842312
level,40,N-tiw56r54_150,2.450408697128296,884683
level,40,N-tiw56r58_150,2.460798978805542,1131027
level,40,N-tiw56r66_150,3.3391313552856445,1765711
level,40,N-tiw56r67_150,3.3805124759674072,1907331
level,40,N-tiw56r72_150,4.291433095932007,2602730
level,50,N-be75eec_150,3.1644656658172607,3229681
level,50,N-be75np_150,5.9986655712127686,6670561
level,50,N-be75oi_150,1.8203346729278564,2173773
level,50,N-be75tot_150,8.127429008483887,11455867
level,50,N-stabu1_150,7.563962459564209,2672996
level,50,N-stabu2_150,6.955992460250855,4023424
level,50,N-stabu3_150,5.724066972732544,4240685
level,50,N-t59b11xx_150,2.111809492111206,2993585
level,50,N-t59d11xx_150,4.595649003982544,1321977
level,50,N-t59f11xx_150,2.939846992492676,1398656
level,50,N-t59n11xx_150,1.1832389831542969,299986
level,50,N-t65b11xx_150,5.024135589599609,5914071
level,50,N-t65d11xx_150,4.682201147079468,3233110
level,50,N-t65f11xx_150,5.257029533386231,2931322
level,50,N-t65l11xx_150,0.493760347366333,243048
level,50,N-t65n11xx_150,2.143632650375366,518229
level,50,N-t69r11xx_150,5.886837482452393,11171555
level,50,N-t70b11xx_150,9.936354160308838,9023853
level,50,N-t70d11xn_150,7.143972396850586,5376410
level,50,N-t70d11xx_150,10.496808528900146,5713902
level,50,N-t70f11xx_150,6.690994739532471,4740653
level,50,N-t70l11xx_150,1.9201242923736568,416063
level,50,N-t70n11xx_150,2.9872541427612305,891357
level,50,N-t74d11xx_150,11.019345998764038,8699529
level,50,N-t75d11xx_150,11.379721403121948,9014938
level,50,N-t75e11xx_150,14.595856189727783,38932770
level,50,N-t75k11xx_150,2.4087557792663574,1432880
level,50,N-t75n11xx_150,2.4226882457733154,1640145
level,50,N-tiw56n54_150,2.543039321899414,766977
level,50,N-tiw56n58_150,4.558452606201172,1061657
level,50,N-tiw56n62_150,8.244617223739624,1515945
level,50,N-tiw56n66_150,4.13673996925354,1937542
level,50,N-tiw56n67_150,7.242622852325439,2213177
level,50,N-tiw56n72_150,6.78182578086853,3868275
level,50,N-tiw56r54_150,2.5346996784210205,884683
level,50,N-tiw56r58_150,2.49564790725708,1131027
level,50,N-tiw56r66_150,5.398381471633911,1773547
level,50,N-tiw56r67_150,6.243491172790527,1920275
level,50,N-tiw56r72_150,4.57894778251648,2618014
level,60,N-be75eec_150,3.5993452072143555,3259393
level,60,N-be75np_150,16.026093244552612,6724437
level,60,N-be75oi_150,3.768760681152344,2177386
level,60,N-be75tot_150,7.973841428756714,11455867
level,60,N-stabu1_150,8.027766942977905,2680187
level,60,N-stabu2_150,23.455321073532104,4056361
level,60,N-stabu3_150,11.578944444656372,4253444
level,60,N-t59b11xx_150,4.857360124588013,3001165
level,60,N-t59d11xx_150,8.442588090896606,1330172
level,60,N-t59f11xx_150,10.129469394683838,1411252
level,60,N-t59n11xx_150,19.201005935668945,302488
level,60,N-t65b11xx_150,4.862094402313232,5914071
level,60,N-t65d11xx_150,4.476887464523315,3233110
level,60,N-t65f11xx_150,8.136143922805786,2953895
level,60,N-t65l11xx_150,4.398512363433838,245242
level,60,N-t65n11xx_150,17.612859964370728,521226
level,60,N-t69r11xx_150,8.715723752975464,11230685
level,60,N-t70b11xx_150,9.86962866783142,9023853
level,60,N-t70d11xn_150,27.619765758514404,5403363
level,60,N-t70d11xx_150,30.145986318588257,5751515
level,60,N-t70f11xx_150,10.67155385017395,4756008
level,60,N-t70l11xx_150,4.086242914199829,417528
level,60,N-t70n11xx_150,5.860062837600708,895678
level,60,N-t74d11xx_150,62.24516844749451,8766980
level,60,N-t75d11xx_150,18.56350827217102,9045592
level,60,N-t75e11xx_150,14.726783514022827,39146823
level,60,N-t75k11xx_150,7.363192319869995,1443893
level,60,N-t75n11xx_150,3.946117639541626,1654858
level,60,N-tiw56n54_150,46.06308436393738,772724
level,60,N-tiw56n58_150,5.57049036026001,1072823
level,60,N-tiw56n62_150,102.49581694602966,1527016
level,60,N-tiw56n66_150,29.78620481491089,1956705
level,60,N-tiw56n67_150,19.848248720169067,2222779
level,60,N-tiw56n72_150,21.83988070487976,3881051
level,60,N-tiw56r54_150,54.899662494659424,894152
level,60,N-tiw56r58_150,5.285801410675049,1141516
level,60,N-tiw56r66_150,7.822729825973511,1786533
level,60,N-tiw56r67_150,37.08733940124512,1927467
level,60,N-tiw56r72_150,9.395821809768677,2631879
mincut,1,N-be75eec_150,3.1819992065429688,3256266
mincut,1,N-be75np_150,3.330538272857666,6716082
mincut,1,N-be75oi_150,2.661264181137085,2181258
mincut,1,N-be75tot_150,3.65800142288208,11412753
mincut,1,N-stabu1_150,3.4446861743927,2694692
mincut,1,N-stabu2_150,3.427676200866699,4030872
mincut,1,N-stabu3_150,3.310600519180298,4212125
mincut,1,N-t59b11xx_150,2.4715425968170166,2994980
mincut,1,N-t59d11xx_150,2.617531538009644,1349840
mincut,1,N-t59f11xx_150,2.605000257492065,1421133
mincut,1,N-t59n11xx_150,2.952031373977661,299030
mincut,1,N-t65b11xx_150,3.4135935306549072,6064998
mincut,1,N-t65d11xx_150,3.336800575256348,3281452
mincut,1,N-t65f11xx_150,3.38067889213562,2924555
mincut,1,N-t65l11xx_150,1.4987969398498535,242237
mincut,1,N-t65n11xx_150,3.085756778717041,521319
mincut,1,N-t69r11xx_150,2.8202905654907227,11008310
mincut,1,N-t70b11xx_150,3.145159244537353,9120425
mincut,1,N-t70d11xn_150,3.737666606903076,5385664
mincut,1,N-t70d11xx_150,3.7404398918151855,5756858
mincut,1,N-t70f11xx_150,3.164907693862915,4780494
mincut,1,N-t70l11xx_150,1.7118229866027832,414655
mincut,1,N-t70n11xx_150,3.558016777038574,889908
mincut,1,N-t74d11xx_150,3.792699098587036,8699600
mincut,1,N-t75d11xx_150,3.625763177871704,8919637
mincut,1,N-t75e11xx_150,3.697519779205322,39144468
mincut,1,N-t75k11xx_150,3.0156497955322266,1416703
mincut,1,N-t75n11xx_150,3.362013339996338,1627597
mincut,1,N-tiw56n54_150,3.453499794006348,784454
mincut,1,N-tiw56n58_150,3.4880878925323486,1076874
mincut,1,N-tiw56n62_150,3.543402671813965,1499168
mincut,1,N-tiw56n66_150,3.608166694641113,1963875
mincut,1,N-tiw56n67_150,3.863992929458618,2211501
mincut,1,N-tiw56n72_150,3.847458600997925,3828960
mincut,1,N-tiw56r54_150,3.257730007171631,903123
mincut,1,N-tiw56r58_150,3.514871120452881,1139351
mincut,1,N-tiw56r66_150,3.5972745418548584,1791001
mincut,1,N-tiw56r67_150,3.649529695510864,1920958
mincut,1,N-tiw56r72_150,3.654151201248169,2632760
mincut,10,N-be75eec_150,3.109259366989136,3259582
mincut,10,N-be75np_150,3.287391901016236,6719270
mincut,10,N-be75oi_150,2.520944833755493,2181356
mincut,10,N-be75tot_150,3.5756466388702397,11424404
mincut,10,N-stabu1_150,3.439046859741211,2696987
mincut,10,N-stabu2_150,3.372109651565552,4036219
mincut,10,N-stabu3_150,3.3256239891052246,4217012
mincut,10,N-t59b11xx_150,2.444444417953491,3004450
mincut,10,N-t59d11xx_150,2.638076066970825,1349996
mincut,10,N-t59f11xx_150,2.48745059967041,1421150
mincut,10,N-t59n11xx_150,2.5816447734832764,299748
mincut,10,N-t65b11xx_150,3.269081354141236,6074010
mincut,10,N-t65d11xx_150,3.305238008499145,3287494
mincut,10,N-t65f11xx_150,3.3379037380218506,2928949
mincut,10,N-t65l11xx_150,1.5021376609802246,242243
mincut,10,N-t65n11xx_150,3.1858625411987305,521397
mincut,10,N-t69r11xx_150,2.8387136459350586,11023368
mincut,10,N-t70b11xx_150,3.148865222930908,9141443
mincut,10,N-t70d11xn_150,3.60325288772583,5387370
mincut,10,N-t70d11xx_150,3.6368210315704346,5756858
mincut,10,N-t70f11xx_150,3.2457175254821777,4791121
mincut,10,N-t70l11xx_150,1.754849195480347,414956
mincut,10,N-t70n11xx_150,3.238915205001831,892546
mincut,10,N-t74d11xx_150,3.645378351211548,8699600
mincut,10,N-t75d11xx_150,3.599072933197021,8920550
mincut,10,N-t75e11xx_150,3.5792031288146973,39174550
mincut,10,N-t75k11xx_150,3.041577816009521,1418012
mincut,10,N-t75n11xx_150,3.208872079849243,1631107
mincut,10,N-tiw56n54_150,3.3909780979156494,785644
mincut,10,N-tiw56n58_150,3.3474395275115967,1077246
mincut,10,N-tiw56n62_150,3.5488083362579346,1503000
mincut,10,N-tiw56n66_150,3.6207969188690186,1967254
mincut,10,N-tiw56n67_150,3.572453498840332,2211501
mincut,10,N-tiw56n72_150,3.761869430541992,3831063
mincut,10,N-tiw56r54_150,3.444772481918335,905734
mincut,10,N-tiw56r58_150,3.740316152572632,1139835
mincut,10,N-tiw56r66_150,3.941207408905029,1795826
mincut,10,N-tiw56r67_150,3.6131725311279297,1920958
mincut,10,N-tiw56r72_150,3.56853461265564,2635285
mincut,20,N-be75eec_150,3.045117855072021,3263971
mincut,20,N-be75np_150,3.258161783218384,6755941
mincut,20,N-be75oi_150,2.510969400405884,2181846
mincut,20,N-be75tot_150,3.565337896347046,11471017
mincut,20,N-stabu1_150,3.6009533405303955,2706512
mincut,20,N-stabu2_150,3.5114874839782715,4039475
mincut,20,N-stabu3_150,3.4252095222473145,4230145
mincut,20,N-t59b11xx_150,2.514629364013672,3017375
mincut,20,N-t59d11xx_150,2.6330246925354004,1354392
mincut,20,N-t59f11xx_150,2.486581802368164,1423619
mincut,20,N-t59n11xx_150,2.545249938964844,300125
mincut,20,N-t65b11xx_150,3.1858789920806885,6078535
mincut,20,N-t65d11xx_150,3.239884376525879,3293850
mincut,20,N-t65f11xx_150,3.3317863941192627,2934414
mincut,20,N-t65l11xx_150,1.4474124908447266,242513
mincut,20,N-t65n11xx_150,3.087327241897583,522012
mincut,20,N-t69r11xx_150,2.8157224655151367,11099736
mincut,20,N-t70b11xx_150,2.997855424880981,9141854
mincut,20,N-t70d11xn_150,3.546051502227783,5403623
mincut,20,N-t70d11xx_150,3.559938669204712,5769865
mincut,20,N-t70f11xx_150,3.1074297428131104,4802567
mincut,20,N-t70l11xx_150,1.7072625160217283,416252
mincut,20,N-t70n11xx_150,3.153948783874512,892673
mincut,20,N-t74d11xx_150,3.528060913085937,8720886
mincut,20,N-t75d11xx_150,3.5604054927825928,8936204
mincut,20,N-t75e11xx_150,3.555651903152466,39275037
mincut,20,N-t75k11xx_150,3.019906759262085,1420703
mincut,20,N-t75n11xx_150,3.1166880130767822,1633859
mincut,20,N-tiw56n54_150,3.342287302017212,787713
mincut,20,N-tiw56n58_150,3.34314227104187,1078395
mincut,20,N-tiw56n62_150,3.4329733848571777,1509483
mincut,20,N-tiw56n66_150,3.489499092102051,1970676
mincut,20,N-tiw56n67_150,3.490740299224853,2217018
mincut,20,N-tiw56n72_150,3.563690185546875,3843827
mincut,20,N-tiw56r54_150,3.2510783672332764,906210
mincut,20,N-tiw56r58_150,3.391141891479492,1141171
mincut,20,N-tiw56r66_150,3.498506546020508,1798027
mincut,20,N-tiw56r67_150,3.498704195022583,1927048
mincut,20,N-tiw56r72_150,3.4928953647613525,2641274
mincut,30,N-be75eec_150,3.1689257621765137,3271433
mincut,30,N-be75np_150,3.3407516479492188,6779186
mincut,30,N-be75oi_150,2.611702442169189,2183965
mincut,30,N-be75tot_150,3.663482666015625,11513204
mincut,30,N-stabu1_150,3.47760009765625,2713539
mincut,30,N-stabu2_150,3.3838820457458496,4063288
mincut,30,N-stabu3_150,3.3178958892822266,4252216
mincut,30,N-t59b11xx_150,2.466233015060425,3031000
mincut,30,N-t59d11xx_150,2.6608872413635254,1356872
mincut,30,N-t59f11xx_150,2.569673538208008,1430439
mincut,30,N-t59n11xx_150,2.5856847763061523,301413
mincut,30,N-t65b11xx_150,3.258659601211548,6088213
mincut,30,N-t65d11xx_150,3.2876639366149902,3300198
mincut,30,N-t65f11xx_150,3.363642930984497,2948810
mincut,30,N-t65l11xx_150,1.5211541652679443,243433
mincut,30,N-t65n11xx_150,3.122208833694458,523049
mincut,30,N-t69r11xx_150,2.964488983154297,11139204
mincut,30,N-t70b11xx_150,3.2034671306610107,9160989
mincut,30,N-t70d11xn_150,3.620207071304321,5438352
mincut,30,N-t70d11xx_150,3.725525140762329,5788304
mincut,30,N-t70f11xx_150,3.228494644165039,4814686
mincut,30,N-t70l11xx_150,1.7666285037994385,416725
mincut,30,N-t70n11xx_150,3.283301591873169,893939
mincut,30,N-t74d11xx_150,3.618727922439575,8739871
mincut,30,N-t75d11xx_150,3.653419971466065,8979942
mincut,30,N-t75e11xx_150,3.609664440155029,39379249
mincut,30,N-t75k11xx_150,3.0951218605041504,1425603
mincut,30,N-t75n11xx_150,3.189563512802124,1636167
mincut,30,N-tiw56n54_150,3.38883113861084,790512
mincut,30,N-tiw56n58_150,3.4267446994781494,1082588
mincut,30,N-tiw56n62_150,3.512883424758911,1512522
mincut,30,N-tiw56n66_150,3.556685447692871,1974986
mincut,30,N-tiw56n67_150,3.540847063064575,2224724
mincut,30,N-tiw56n72_150,3.638628482818604,3850496
mincut,30,N-tiw56r54_150,3.292964220046997,908482
mincut,30,N-tiw56r58_150,3.488171100616455,1142952
mincut,30,N-tiw56r66_150,3.527108192443848,1807841
mincut,30,N-tiw56r67_150,3.57152795791626,1939741
mincut,30,N-tiw56r72_150,3.5402278900146484,2653706
mincut,40,N-be75eec_150,3.3299148082733154,3282648
mincut,40,N-be75np_150,3.567140579223633,6818383
mincut,40,N-be75oi_150,2.727332830429077,2185805
mincut,40,N-be75tot_150,3.8152668476104736,11560522
mincut,40,N-stabu1_150,4.081427812576294,2730456
mincut,40,N-stabu2_150,3.6279280185699454,4087909
mincut,40,N-stabu3_150,3.8451836109161377,4265187
mincut,40,N-t59b11xx_150,2.862363815307617,3040625
mincut,40,N-t59d11xx_150,3.2313830852508545,1360832
mincut,40,N-t59f11xx_150,3.9724504947662354,1432933
mincut,40,N-t59n11xx_150,2.699535131454468,301810
mincut,40,N-t65b11xx_150,3.522759199142456,6099458
mincut,40,N-t65d11xx_150,3.4103360176086426,3317576
mincut,40,N-t65f11xx_150,3.575267791748047,2966352
mincut,40,N-t65l11xx_150,1.6426827907562256,244054
mincut,40,N-t65n11xx_150,3.260486364364624,524444
mincut,40,N-t69r11xx_150,2.9353201389312744,11153837
mincut,40,N-t70b11xx_150,3.2045328617095947,9183941
mincut,40,N-t70d11xn_150,4.369433879852295,5470282
mincut,40,N-t70d11xx_150,4.0379252433776855,5799893
mincut,40,N-t70f11xx_150,3.33510971069336,4832202
mincut,40,N-t70l11xx_150,1.8669712543487549,417320
mincut,40,N-t70n11xx_150,3.321918487548828,898791
mincut,40,N-t74d11xx_150,3.701831817626953,8792905
mincut,40,N-t75d11xx_150,4.536815404891968,9040535
mincut,40,N-t75e11xx_150,3.9472153186798096,39539603
mincut,40,N-t75k11xx_150,3.2140283584594727,1431498
mincut,40,N-t75n11xx_150,3.289490222930908,1644756
mincut,40,N-tiw56n54_150,3.624293327331543,793432
mincut,40,N-tiw56n58_150,4.127501487731934,1085479
mincut,40,N-tiw56n62_150,4.114125967025757,1519228
mincut,40,N-tiw56n66_150,3.6408321857452393,1993602
mincut,40,N-tiw56n67_150,3.68147087097168,2229483
mincut,40,N-tiw56n72_150,3.777745962142944,3877739
mincut,40,N-tiw56r54_150,3.4420254230499268,909830
mincut,40,N-tiw56r58_150,4.650247097015381,1147983
mincut,40,N-tiw56r66_150,4.003838777542114,1820812
mincut,40,N-tiw56r67_150,3.932724475860596,1942173
mincut,40,N-tiw56r72_150,3.836179494857788,2659679
mincut,50,N-be75eec_150,3.5518741607666016,3305741
mincut,50,N-be75np_150,5.850035190582275,6833240
mincut,50,N-be75oi_150,3.016186475753784,2186964
mincut,50,N-be75tot_150,5.676526308059692,11635765
mincut,50,N-stabu1_150,6.986914157867432,2742030
mincut,50,N-stabu2_150,7.661244630813599,4099897
mincut,50,N-stabu3_150,5.537243843078613,4278283
mincut,50,N-t59b11xx_150,6.363859415054321,3056925
mincut,50,N-t59d11xx_150,14.751902103424072,1362833
mincut,50,N-t59f11xx_150,25.227693557739254,1437715
mincut,50,N-t59n11xx_150,3.133523464202881,303878
mincut,50,N-t65b11xx_150,5.248629331588745,6150864
mincut,50,N-t65d11xx_150,8.216139078140259,3334661
mincut,50,N-t65f11xx_150,4.727461099624634,2986789
mincut,50,N-t65l11xx_150,1.878861427307129,245340
mincut,50,N-t65n11xx_150,4.310612201690674,526800
mincut,50,N-t69r11xx_150,3.422231912612915,11228204
mincut,50,N-t70b11xx_150,5.6488037109375,9219229
mincut,50,N-t70d11xn_150,6.235722780227661,5520394
mincut,50,N-t70d11xx_150,8.5241858959198,5847322
mincut,50,N-t70f11xx_150,6.587939977645874,4837683
mincut,50,N-t70l11xx_150,2.445490837097168,417823
mincut,50,N-t70n11xx_150,3.5589632987976074,902692
mincut,50,N-t74d11xx_150,9.434196710586548,8829912
mincut,50,N-t75d11xx_150,5.933769226074219,9099350
mincut,50,N-t75e11xx_150,5.340480327606201,39603332
mincut,50,N-t75k11xx_150,5.929295778274536,1444496
mincut,50,N-t75n11xx_150,3.762416124343872,1657289
mincut,50,N-tiw56n54_150,11.21584153175354,794674
mincut,50,N-tiw56n58_150,10.3165283203125,1090673
mincut,50,N-tiw56n62_150,21.1641538143158,1524819
mincut,50,N-tiw56n66_150,5.424784660339356,1997660
mincut,50,N-tiw56n67_150,9.872812509536743,2237978
mincut,50,N-tiw56n72_150,4.3501973152160645,3901045
mincut,50,N-tiw56r54_150,13.409718990325928,913355
mincut,50,N-tiw56r58_150,16.808993577957153,1154089
mincut,50,N-tiw56r66_150,8.326368570327759,1825710
mincut,50,N-tiw56r67_150,11.30412220954895,1949358
mincut,50,N-tiw56r72_150,5.662505626678467,2666198
mincut,60,N-be75eec_150,6.044662952423096,3322524
mincut,60,N-be75np_150,22.24377036094665,6871191
mincut,60,N-be75oi_150,6.520692825317383,2190044
mincut,60,N-be75tot_150,7.156474590301514,11722000
mincut,60,N-stabu1_150,57.80488967895508,2751161
mincut,60,N-stabu2_150,26.979411840438843,4133957
mincut,60,N-stabu3_150,7.6546311378479,4312481
mincut,60,N-t59b11xx_150,16.17865228652954,3084180
mincut,60,N-t59d11xx_150,67.74901676177979,1369006
mincut,60,N-t59f11xx_150,48.55141234397888,1452007
mincut,60,N-t59n11xx_150,5.098063230514526,305347
mincut,60,N-t65b11xx_150,7.060232162475586,6198864
mincut,60,N-t65d11xx_150,36.500569343566895,3358452
mincut,60,N-t65f11xx_150,9.457816123962402,3004696
mincut,60,N-t65l11xx_150,4.170137882232666,246460
mincut,60,N-t65n11xx_150,9.496529579162598,529796
mincut,60,N-t69r11xx_150,7.809088945388794,11294003
mincut,60,N-t70b11xx_150,52.57118463516235,9278721
mincut,60,N-t70d11xn_150,26.86012101173401,5543798
mincut,60,N-t70d11xx_150,66.49678325653076,5891330
mincut,60,N-t70f11xx_150,22.294665098190308,4865384
mincut,60,N-t70l11xx_150,6.306689977645874,420084
mincut,60,N-t70n11xx_150,19.33735203742981,905142
mincut,60,N-t74d11xx_150,54.1776933670044,8869276
mincut,60,N-t75d11xx_150,9.33752965927124,9141285
mincut,60,N-t75e11xx_150,8.463618278503418,39742973
mincut,60,N-t75k11xx_150,16.567042589187622,1456000
mincut,60,N-t75n11xx_150,11.30184769630432,1669907
mincut,60,N-tiw56n54_150,19.14331817626953,801144
mincut,60,N-tiw56n58_150,59.707886695861816,1096502
mincut,60,N-tiw56n62_150,76.1311981678009,1535940
mincut,60,N-tiw56n66_150,66.5984137058258,2004727
mincut,60,N-tiw56n67_150,29.317827463150024,2254830
mincut,60,N-tiw56n72_150,29.26138949394226,3913560
mincut,60,N-tiw56r54_150,81.09172368049622,918425
mincut,60,N-tiw56r58_150,95.31458806991576,1158565
mincut,60,N-tiw56r66_150,60.33068633079529,1837865
mincut,60,N-tiw56r67_150,71.33285474777222,1957757
mincut,60,N-tiw56r72_150,29.419966220855716,2681860
rborda,1,N-be75eec_150,0.0320658683776855,3285293
rborda,1,N-be75np_150,0.0221984386444091,6735618
rborda,1,N-be75oi_150,0.0272638797760009,2149197
rborda,1,N-be75tot_150,0.0235865116119384,11439081
rborda,1,N-stabu1_150,0.0213017463684082,2745077
rborda,1,N-stabu2_150,0.0226967334747314,4100512
rborda,1,N-stabu3_150,0.0217225551605224,4307868
rborda,1,N-t59b11xx_150,0.0241901874542236,3049290
rborda,1,N-t59d11xx_150,0.0252611637115478,1379579
rborda,1,N-t59f11xx_150,0.0234100818634033,1454691
rborda,1,N-t59n11xx_150,0.0238161087036132,303024
rborda,1,N-t65b11xx_150,0.0227878093719482,6092637
rborda,1,N-t65d11xx_150,0.0236687660217285,3351908
rborda,1,N-t65f11xx_150,0.0217695236206054,2959381
rborda,1,N-t65l11xx_150,0.0272598266601562,237878
rborda,1,N-t65n11xx_150,0.0228111743927001,517459
rborda,1,N-t69r11xx_150,0.0244903564453125,11096873
rborda,1,N-t70b11xx_150,0.0250682830810546,8973797
rborda,1,N-t70d11xn_150,0.0205819606781005,5456735
rborda,1,N-t70d11xx_150,0.0251791477203369,5809391
rborda,1,N-t70f11xx_150,0.0295443534851074,4892428
rborda,1,N-t70l11xx_150,0.0266773700714111,404076
rborda,1,N-t70n11xx_150,0.0217866897583007,896872
rborda,1,N-t74d11xx_150,0.0202116966247558,8889615
rborda,1,N-t75d11xx_150,0.0243780612945556,9157310
rborda,1,N-t75e11xx_150,0.0218348503112792,38916117
rborda,1,N-t75k11xx_150,0.0221011638641357,1441378
rborda,1,N-t75n11xx_150,0.0234835147857666,1623702
rborda,1,N-tiw56n54_150,0.0210886001586914,794627
rborda,1,N-tiw56n58_150,0.020803689956665,1090843
rborda,1,N-tiw56n62_150,0.0226445198059082,1518191
rborda,1,N-tiw56n66_150,0.0208051204681396,1970845
rborda,1,N-tiw56n67_150,0.0205445289611816,2206210
rborda,1,N-tiw56n72_150,0.0206437110900878,3865320
rborda,1,N-tiw56r54_150,0.0216681957244873,911474
rborda,1,N-tiw56r58_150,0.0206706523895263,1155343
rborda,1,N-tiw56r66_150,0.0224997997283935,1807691
rborda,1,N-tiw56r67_150,0.0207691192626953,1915468
rborda,1,N-tiw56r72_150,0.022789716720581,2614852
rborda,10,N-be75eec_150,0.0794739723205566,3285780
rborda,10,N-be75np_150,0.0686163902282714,6738428
rborda,10,N-be75oi_150,0.069448709487915,2149742
rborda,10,N-be75tot_150,0.0699398517608642,11446695
rborda,10,N-stabu1_150,0.0703499317169189,2746000
rborda,10,N-stabu2_150,0.0718255043029785,4104076
rborda,10,N-stabu3_150,0.0701332092285156,4309822
rborda,10,N-t59b11xx_150,0.0696969032287597,3051000
rborda,10,N-t59d11xx_150,0.0688526630401611,1381037
rborda,10,N-t59f11xx_150,0.0618469715118408,1455071
rborda,10,N-t59n11xx_150,0.0615408420562744,303213
rborda,10,N-t65b11xx_150,0.061185598373413,6095733
rborda,10,N-t65d11xx_150,0.0639829635620117,3353926
rborda,10,N-t65f11xx_150,0.064821720123291,2961720
rborda,10,N-t65l11xx_150,0.0611088275909423,237960
rborda,10,N-t65n11xx_150,0.0678417682647705,517853
rborda,10,N-t69r11xx_150,0.0610899925231933,11100353
rborda,10,N-t70b11xx_150,0.0666289329528808,8979706
rborda,10,N-t70d11xn_150,0.0645723342895507,5462979
rborda,10,N-t70d11xx_150,0.0644257068634033,5815079
rborda,10,N-t70f11xx_150,0.0636670589447021,4897708
rborda,10,N-t70l11xx_150,0.0633196830749511,404175
rborda,10,N-t70n11xx_150,0.0652375221252441,897115
rborda,10,N-t74d11xx_150,0.0650491714477539,8893542
rborda,10,N-t75d11xx_150,0.0675265789031982,9164063
rborda,10,N-t75e11xx_150,0.0647382736206054,38932495
rborda,10,N-t75k11xx_150,0.0680263042449951,1442253
rborda,10,N-t75n11xx_150,0.0721964836120605,1624796
rborda,10,N-tiw56n54_150,0.0622711181640625,795803
rborda,10,N-tiw56n58_150,0.061586856842041,1091547
rborda,10,N-tiw56n62_150,0.0689218044281005,1518759
rborda,10,N-tiw56n66_150,0.0661098957061767,1973601
rborda,10,N-tiw56n67_150,0.0620250701904296,2207493
rborda,10,N-tiw56n72_150,0.0649909973144531,3866615
rborda,10,N-tiw56r54_150,0.0666162967681884,911939
rborda,10,N-tiw56r58_150,0.0775411128997802,1156531
rborda,10,N-tiw56r66_150,0.0613713264465332,1809284
rborda,10,N-tiw56r67_150,0.0687136650085449,1916434
rborda,10,N-tiw56r72_150,0.0664591789245605,2616143
rborda,20,N-be75eec_150,0.1371293067932129,3291107
rborda,20,N-be75np_150,0.1084370613098144,6753977
rborda,20,N-be75oi_150,0.1594984531402588,2151880
rborda,20,N-be75tot_150,0.1222577095031738,11460831
rborda,20,N-stabu1_150,0.1379041671752929,2750208
rborda,20,N-stabu2_150,0.1596407890319824,4113465
rborda,20,N-stabu3_150,0.1360323429107666,4317375
rborda,20,N-t59b11xx_150,0.1755993366241455,3061725
rborda,20,N-t59d11xx_150,0.1657907962799072,1387756
rborda,20,N-t59f11xx_150,0.1223359107971191,1457872
rborda,20,N-t59n11xx_150,0.1405210494995117,303849
rborda,20,N-t65b11xx_150,0.1379852294921875,6106267
rborda,20,N-t65d11xx_150,0.1648499965667724,3362863
rborda,20,N-t65f11xx_150,0.1251120567321777,2966297
rborda,20,N-t65l11xx_150,0.1198310852050781,238349
rborda,20,N-t65n11xx_150,0.1432652473449707,519127
rborda,20,N-t69r11xx_150,0.1222856044769287,11116659
rborda,20,N-t70b11xx_150,0.1267256736755371,9000526
rborda,20,N-t70d11xn_150,0.1683695316314697,5490214
rborda,20,N-t70d11xx_150,0.1635560989379882,5834993
rborda,20,N-t70f11xx_150,0.1447494029998779,4911458
rborda,20,N-t70l11xx_150,0.1421566009521484,404502
rborda,20,N-t70n11xx_150,0.1657791137695312,899155
rborda,20,N-t74d11xx_150,0.1613600254058838,8913692
rborda,20,N-t75d11xx_150,0.1706023216247558,9184345
rborda,20,N-t75e11xx_150,0.1650187969207763,39053971
rborda,20,N-t75k11xx_150,0.1576952934265136,1448780
rborda,20,N-t75n11xx_150,0.1628379821777343,1629747
rborda,20,N-tiw56n54_150,0.1298866271972656,797145
rborda,20,N-tiw56n58_150,0.137836217880249,1095286
rborda,20,N-tiw56n62_150,0.1691348552703857,1524654
rborda,20,N-tiw56n66_150,0.168630838394165,1980154
rborda,20,N-tiw56n67_150,0.1534502506256103,2212600
rborda,20,N-tiw56n72_150,0.1564061641693115,3881526
rborda,20,N-tiw56r54_150,0.140223741531372,914680
rborda,20,N-tiw56r58_150,0.1223020553588867,1159702
rborda,20,N-tiw56r66_150,0.1185903549194336,1812089
rborda,20,N-tiw56r67_150,0.1626427173614502,1921930
rborda,20,N-tiw56r72_150,0.1339302062988281,2620481
rborda,30,N-be75eec_150,0.1959228515625,3294748
rborda,30,N-be75np_150,0.1825747489929199,6764557
rborda,30,N-be75oi_150,0.1823031902313232,2152415
rborda,30,N-be75tot_150,0.1949596405029297,11486632
rborda,30,N-stabu1_150,0.1828932762145996,2752843
rborda,30,N-stabu2_150,0.2280869483947754,4117559
rborda,30,N-stabu3_150,0.1862893104553222,4322783
rborda,30,N-t59b11xx_150,0.1843900680541992,3061725
rborda,30,N-t59d11xx_150,0.1838951110839843,1389121
rborda,30,N-t59f11xx_150,0.1961758136749267,1461965
rborda,30,N-t59n11xx_150,0.1953728199005127,304067
rborda,30,N-t65b11xx_150,0.1865303516387939,6110789
rborda,30,N-t65d11xx_150,0.1993319988250732,3366114
rborda,30,N-t65f11xx_150,0.1808142662048339,2968386
rborda,30,N-t65l11xx_150,0.1892967224121093,238611
rborda,30,N-t65n11xx_150,0.1781082153320312,519734
rborda,30,N-t69r11xx_150,0.1819374561309814,11123742
rborda,30,N-t70b11xx_150,0.2095491886138916,9016981
rborda,30,N-t70d11xn_150,0.178926944732666,5492723
rborda,30,N-t70d11xx_150,0.1818370819091797,5843345
rborda,30,N-t70f11xx_150,0.1890733242034912,4917320
rborda,30,N-t70l11xx_150,0.288813829421997,405226
rborda,30,N-t70n11xx_150,0.2151668071746826,899260
rborda,30,N-t74d11xx_150,0.1848652362823486,8921886
rborda,30,N-t75d11xx_150,0.2004010677337646,9188449
rborda,30,N-t75e11xx_150,0.1764183044433593,39077539
rborda,30,N-t75k11xx_150,0.182446002960205,1449469
rborda,30,N-t75n11xx_150,0.1822664737701416,1631467
rborda,30,N-tiw56n54_150,0.2090213298797607,798356
rborda,30,N-tiw56n58_150,0.1894278526306152,1096773
rborda,30,N-tiw56n62_150,0.2029454708099365,1525308
rborda,30,N-tiw56n66_150,0.184403657913208,1980940
rborda,30,N-tiw56n67_150,0.1843421459197998,2213025
rborda,30,N-tiw56n72_150,0.1861326694488525,3882829
rborda,30,N-tiw56r54_150,0.1849701404571533,916337
rborda,30,N-tiw56r58_150,0.2544877529144287,1164183
rborda,30,N-tiw56r66_150,0.1892602443695068,1815789
rborda,30,N-tiw56r67_150,0.1931869983673095,1923787
rborda,30,N-tiw56r72_150,0.1794633865356445,2625576
rborda,40,N-be75eec_150,0.8365182876586914,3325658
rborda,40,N-be75np_150,0.7445399761199951,6802433
rborda,40,N-be75oi_150,0.9040954113006592,2161924
rborda,40,N-be75tot_150,0.6360025405883789,11534009
rborda,40,N-stabu1_150,0.9251482486724854,2768461
rborda,40,N-stabu2_150,1.3329882621765137,4136589
rborda,40,N-stabu3_150,0.3685894012451172,4338078
rborda,40,N-t59b11xx_150,1.6420071125030518,3089365
rborda,40,N-t59d11xx_150,1.1074841022491455,1397216
rborda,40,N-t59f11xx_150,1.0155553817749023,1472842
rborda,40,N-t59n11xx_150,0.6275749206542969,305704
rborda,40,N-t65b11xx_150,0.7360420227050781,6127459
rborda,40,N-t65d11xx_150,1.1185472011566162,3403533
rborda,40,N-t65f11xx_150,0.6759212017059326,2985549
rborda,40,N-t65l11xx_150,0.72198486328125,240360
rborda,40,N-t65n11xx_150,1.518387794494629,523533
rborda,40,N-t69r11xx_150,0.9399569034576416,11212082
rborda,40,N-t70b11xx_150,1.1834757328033447,9061639
rborda,40,N-t70d11xn_150,1.60547137260437,5538461
rborda,40,N-t70d11xx_150,1.8507421016693115,5875450
rborda,40,N-t70f11xx_150,0.5515420436859131,4927105
rborda,40,N-t70l11xx_150,0.5577113628387451,406808
rborda,40,N-t70n11xx_150,1.079411506652832,905929
rborda,40,N-t74d11xx_150,4.645460844039917,8993638
rborda,40,N-t75d11xx_150,1.0915918350219729,9265146
rborda,40,N-t75e11xx_150,0.7011957168579102,39242886
rborda,40,N-t75k11xx_150,1.205601930618286,1460103
rborda,40,N-t75n11xx_150,1.3458020687103271,1645219
rborda,40,N-tiw56n54_150,0.8047034740447998,803586
rborda,40,N-tiw56n58_150,1.0558922290802002,1103989
rborda,40,N-tiw56n62_150,0.7628393173217773,1535627
rborda,40,N-tiw56n66_150,1.1067233085632324,2002635
rborda,40,N-tiw56n67_150,1.2490832805633545,2222324
rborda,40,N-tiw56n72_150,0.6216752529144287,3899058
rborda,40,N-tiw56r54_150,1.850197553634644,920984
rborda,40,N-tiw56r58_150,0.3557968139648437,1164937
rborda,40,N-tiw56r66_150,1.4594135284423828,1836945
rborda,40,N-tiw56r67_150,1.104047775268555,1934324
rborda,40,N-tiw56r72_150,0.9301035404205322,2637440
rborda,50,N-be75eec_150,0.8708570003509521,3325658
rborda,50,N-be75np_150,1.111377477645874,6819364
rborda,50,N-be75oi_150,0.9264533519744872,2161924
rborda,50,N-be75tot_150,0.9039592742919922,11601127
rborda,50,N-stabu1_150,1.2458114624023438,2776959
rborda,50,N-stabu2_150,3.444942712783813,4147873
rborda,50,N-stabu3_150,2.914813041687012,4354495
rborda,50,N-t59b11xx_150,1.6209793090820312,3089365
rborda,50,N-t59d11xx_150,2.6531567573547363,1399154
rborda,50,N-t59f11xx_150,1.0113184452056885,1472842
rborda,50,N-t59n11xx_150,0.9119141101837158,306207
rborda,50,N-t65b11xx_150,1.84430193901062,6168974
rborda,50,N-t65d11xx_150,1.1733746528625488,3403533
rborda,50,N-t65f11xx_150,1.910850048065185,2996070
rborda,50,N-t65l11xx_150,0.671215295791626,240360
rborda,50,N-t65n11xx_150,1.5278031826019287,523533
rborda,50,N-t69r11xx_150,0.9604284763336182,11212082
rborda,50,N-t70b11xx_150,3.07706069946289,9081182
rborda,50,N-t70d11xn_150,1.5805020332336426,5538461
rborda,50,N-t70d11xx_150,1.7914583683013916,5875450
rborda,50,N-t70f11xx_150,2.237912654876709,4949471
rborda,50,N-t70l11xx_150,1.0088748931884766,407508
rborda,50,N-t70n11xx_150,1.0752894878387451,905929
rborda,50,N-t74d11xx_150,4.691310882568359,8993638
rborda,50,N-t75d11xx_150,1.084760665893555,9265146
rborda,50,N-t75e11xx_150,0.957710027694702,39308480
rborda,50,N-t75k11xx_150,1.2241551876068115,1460103
rborda,50,N-t75n11xx_150,1.3567557334899902,1645219
rborda,50,N-tiw56n54_150,1.5417022705078125,806258
rborda,50,N-tiw56n58_150,1.169339895248413,1106438
rborda,50,N-tiw56n62_150,3.096123218536377,1539392
rborda,50,N-tiw56n66_150,1.0459625720977783,2002635
rborda,50,N-tiw56n67_150,1.483867645263672,2226094
rborda,50,N-tiw56n72_150,0.8723936080932617,3904989
rborda,50,N-tiw56r54_150,2.3617193698883057,921846
rborda,50,N-tiw56r58_150,1.0707666873931885,1174355
rborda,50,N-tiw56r66_150,1.5290517807006836,1836945
rborda,50,N-tiw56r67_150,1.4377362728118896,1939887
rborda,50,N-tiw56r72_150,1.315108060836792,2643661
rborda,60,N-be75eec_150,0.843390703201294,3325658
rborda,60,N-be75np_150,1.1150965690612793,6819364
rborda,60,N-be75oi_150,0.9261476993560792,2161924
rborda,60,N-be75tot_150,0.8990120887756348,11601127
rborda,60,N-stabu1_150,1.2391579151153564,2776959
rborda,60,N-stabu2_150,3.463428020477295,4147873
rborda,60,N-stabu3_150,3.077877283096313,4354495
rborda,60,N-t59b11xx_150,1.707954168319702,3089365
rborda,60,N-t59d11xx_150,2.56984543800354,1399154
rborda,60,N-t59f11xx_150,1.0213322639465332,1472842
rborda,60,N-t59n11xx_150,0.8645358085632324,306207
rborda,60,N-t65b11xx_150,1.853788137435913,6168974
rborda,60,N-t65d11xx_150,1.094820261001587,3403533
rborda,60,N-t65f11xx_150,1.9071621894836424,2996070
rborda,60,N-t65l11xx_150,0.6707587242126465,240360
rborda,60,N-t65n11xx_150,1.4971539974212646,523533
rborda,60,N-t69r11xx_150,0.9283151626586914,11212082
rborda,60,N-t70b11xx_150,3.1729001998901367,9081182
rborda,60,N-t70d11xn_150,1.618738889694214,5538461
rborda,60,N-t70d11xx_150,1.8902547359466555,5875450
rborda,60,N-t70f11xx_150,2.309854507446289,4949471
rborda,60,N-t70l11xx_150,1.0197038650512695,407508
rborda,60,N-t70n11xx_150,1.0759527683258057,905929
rborda,60,N-t74d11xx_150,4.5773866176605225,8993638
rborda,60,N-t75d11xx_150,1.0472636222839355,9265146
rborda,60,N-t75e11xx_150,0.9332888126373292,39308480
rborda,60,N-t75k11xx_150,1.2319142818450928,1460103
rborda,60,N-t75n11xx_150,1.324859857559204,1645219
rborda,60,N-tiw56n54_150,1.522857427597046,806258
rborda,60,N-tiw56n58_150,1.2138338088989258,1106438
rborda,60,N-tiw56n62_150,3.0915675163269043,1539392
rborda,60,N-tiw56n66_150,1.0778772830963137,2002635
rborda,60,N-tiw56n67_150,1.5765430927276611,2226094
rborda,60,N-tiw56n72_150,0.9240365028381348,3904989
rborda,60,N-tiw56r54_150,2.4581611156463623,921846
rborda,60,N-tiw56r58_150,1.0325562953948977,1174355
rborda,60,N-tiw56r66_150,1.445406198501587,1836945
rborda,60,N-tiw56r67_150,1.327387809753418,1939887
rborda,60,N-tiw56r72_150,1.286301851272583,2643661
